Date,Confirmed,Deaths,Recovered,Active,New cases,New deaths,New recovered,Deaths / 100 Cases,Recovered / 100 Cases,Deaths / 100 Recovered,No. of countries,Daily_Growth_Rate,New_Cases_Pct,New_Cases_7MA,New_Deaths_7MA,New_Cases_14MA
2020-01-22,555,17,28,510,0,0,0,3.06,5.05,60.71,6,,0.0,,,
2020-01-23,654,18,30,606,99,1,2,2.75,4.59,60.0,8,17.83783783783783,15.14,,,
2020-01-24,941,26,36,879,287,8,6,2.76,3.83,72.22,9,43.88379204892967,30.5,,,
2020-01-25,1434,42,39,1353,493,16,3,2.93,2.72,107.69,11,52.39107332624866,34.38,,,
2020-01-26,2118,56,52,2010,684,14,13,2.64,2.46,107.69,13,47.69874476987448,32.29,,,
2020-01-27,2927,82,61,2784,809,26,9,2.8,2.08,134.43,16,38.19641170915959,27.64,,,
2020-01-28,5578,131,107,5340,2651,49,46,2.35,1.92,122.43,16,90.57055005124701,47.53,717.5714285714286,16.285714285714285,
2020-01-29,6166,133,125,5908,588,2,18,2.16,2.03,106.4,18,10.541412692721398,9.54,801.5714285714286,16.571428571428573,
2020-01-30,8234,171,141,7922,2068,38,16,2.08,1.71,121.28,20,33.53876094712942,25.12,1082.857142857143,21.857142857142858,
2020-01-31,9927,213,219,9495,1693,42,78,2.15,2.21,97.26,24,20.56108817099831,17.05,1283.7142857142858,26.714285714285715,
2020-02-01,12038,259,281,11498,2111,46,62,2.15,2.33,92.17,25,21.26523622443841,17.54,1514.857142857143,31.0,
2020-02-02,16787,362,459,15966,4749,103,178,2.16,2.73,78.87,25,39.45007476324971,28.29,2095.5714285714284,43.714285714285715,
2020-02-03,19887,426,604,18857,3100,64,145,2.14,3.04,70.53,25,18.466670637993676,15.59,2422.8571428571427,49.142857142857146,
2020-02-04,23898,492,821,22585,4011,66,217,2.06,3.44,59.93,26,20.168954593453,16.78,2617.1428571428573,51.57142857142857,1667.357142857143
2020-02-05,27643,564,1071,26008,3745,72,250,2.04,3.87,52.66,26,15.670767428236676,13.55,3068.1428571428573,61.57142857142857,1934.857142857143
2020-02-06,30802,634,1418,28750,3159,70,347,2.06,4.6,44.71,26,11.42784791809861,10.26,3224.0,66.14285714285714,2153.4285714285716
2020-02-07,34334,719,1903,31712,3532,85,485,2.09,5.54,37.78,26,11.466787870917482,10.29,3486.714285714286,72.28571428571429,2385.214285714286
2020-02-08,37068,806,2470,33792,2734,87,567,2.17,6.66,32.63,26,7.9629521756859,7.38,3575.714285714286,78.14285714285714,2545.285714285714
2020-02-09,40095,906,3057,36132,3027,100,587,2.26,7.62,29.64,26,8.166073162835863,7.55,3329.714285714286,77.71428571428571,2712.6428571428573
2020-02-10,42633,1013,3714,37906,2538,107,657,2.38,8.71,27.28,26,6.329966329966319,5.95,3249.4285714285716,83.85714285714286,2836.1428571428573
2020-02-11,44675,1113,4417,39145,2042,100,703,2.49,9.89,25.2,26,4.789716885980333,4.57,2968.1428571428573,88.71428571428571,2792.6428571428573
2020-02-12,46561,1118,4849,40594,1886,5,432,2.4,10.41,23.06,26,4.221600447677676,4.05,2702.5714285714284,79.14285714285714,2885.3571428571427
2020-02-13,60206,1371,5930,52905,13645,253,1081,2.28,9.85,23.12,26,29.305642060952298,22.66,4200.571428571428,105.28571428571429,3712.285714285714
2020-02-14,66690,1523,7613,57554,6484,152,1683,2.28,11.42,20.01,27,10.769690728498826,9.72,4622.285714285715,114.85714285714286,4054.5
2020-02-15,68765,1666,8902,58197,2075,143,1289,2.42,12.95,18.71,27,3.111411006147846,3.02,4528.142857142857,122.85714285714286,4051.9285714285716
2020-02-16,70879,1770,10319,58790,2114,104,1417,2.5,14.56,17.15,27,3.074238347996805,2.98,4397.714285714285,123.42857142857143,3863.714285714286
2020-02-17,72815,1868,11951,58996,1936,98,1632,2.57,16.41,15.63,27,2.731415510941182,2.66,4311.714285714285,122.14285714285714,3780.5714285714284
2020-02-18,74609,2008,13693,58908,1794,140,1742,2.69,18.35,14.66,27,2.463778067705835,2.4,4276.285714285715,127.85714285714286,3622.214285714286
2020-02-19,75030,2123,15394,57513,421,115,1701,2.83,20.52,13.79,28,0.5642750874559344,0.56,4067.0,143.57142857142858,3384.785714285714
2020-02-20,75577,2246,17369,55962,547,123,1975,2.97,22.98,12.93,28,0.7290417166466723,0.72,2195.8571428571427,125.0,3198.214285714286
2020-02-21,76206,2250,17966,55990,629,4,597,2.95,23.58,12.52,30,0.8322637839554448,0.83,1359.4285714285713,103.85714285714286,2990.8571428571427
2020-02-22,77967,2457,21849,53661,1761,207,3883,3.15,28.02,11.25,30,2.3108416660105435,2.26,1314.5714285714287,113.0,2921.3571428571427
2020-02-23,78290,2467,22304,53519,323,10,455,3.15,28.49,11.06,31,0.41427783549450314,0.41,1058.7142857142858,99.57142857142857,2728.214285714286
2020-02-24,78854,2627,24047,52180,564,160,1743,3.33,30.5,10.92,36,0.7203985183292794,0.72,862.7142857142857,108.42857142857143,2587.214285714286
2020-02-25,79707,2707,26652,50348,853,80,2605,3.4,33.44,10.16,41,1.0817460116164135,1.07,728.2857142857143,99.85714285714286,2502.285714285714
2020-02-26,80670,2767,29077,48826,963,60,2425,3.43,36.04,9.52,47,1.2081749407203857,1.19,805.7142857142857,92.0,2436.3571428571427
2020-02-27,82034,2810,31919,47305,1364,43,2842,3.43,38.91,8.8,51,1.6908392215197798,1.66,922.4285714285714,80.57142857142857,1559.142857142857
2020-02-28,83411,2867,35306,45238,1377,57,3387,3.44,42.33,8.12,57,1.6785722992905372,1.65,1029.2857142857142,88.14285714285714,1194.357142857143
2020-02-29,85306,2936,38314,44056,1895,69,3008,3.44,44.91,7.66,61,2.271882605411757,2.22,1048.4285714285713,68.42857142857143,1181.5
2020-03-01,87690,2990,41208,43492,2384,54,2894,3.41,46.99,7.26,66,2.794645159777742,2.72,1342.857142857143,74.71428571428571,1200.7857142857142
2020-03-02,89664,3079,44085,42500,1974,89,2877,3.43,49.17,6.98,73,2.2511118713650413,2.2,1544.2857142857142,64.57142857142857,1203.5
2020-03-03,92241,3154,46681,42406,2577,75,2596,3.42,50.61,6.76,76,2.8740631691648755,2.79,1790.5714285714287,63.857142857142854,1259.4285714285713
2020-03-04,94540,3249,49619,41672,2299,95,2938,3.44,52.48,6.55,80,2.4923840808317443,2.43,1981.4285714285713,68.85714285714286,1393.5714285714287
2020-03-05,97331,3342,52237,41752,2791,93,2618,3.43,53.67,6.4,84,2.9521895493970884,2.87,2185.285714285714,76.0,1553.857142857143
2020-03-06,101274,3454,54270,43550,3943,112,2033,3.41,53.59,6.36,93,4.051124513258886,3.89,2551.8571428571427,83.85714285714286,1790.5714285714287
2020-03-07,105312,3553,56760,44999,4038,99,2490,3.37,53.9,6.26,94,3.9872030333550468,3.83,2858.0,88.14285714285714,1953.2142857142858
2020-03-08,109266,3797,59092,46377,3954,244,2332,3.48,54.08,6.43,99,3.7545578851412964,3.62,3082.285714285714,115.28571428571429,2212.5714285714284
2020-03-09,113166,3981,60891,48294,3900,184,1799,3.52,53.81,6.54,102,3.5692713195321524,3.45,3357.4285714285716,128.85714285714286,2450.8571428571427
2020-03-10,118190,4260,62802,51128,5024,279,1911,3.6,53.14,6.78,105,4.439495961684603,4.25,3707.0,158.0,2748.785714285714
2020-03-11,125853,4604,65113,56136,7663,344,2311,3.66,51.74,7.07,111,6.483628056519164,6.09,4473.285714285715,193.57142857142858,3227.3571428571427
2020-03-12,131603,4909,66434,60260,5750,305,1321,3.73,50.48,7.39,113,4.568822356241009,4.37,4896.0,223.85714285714286,3540.6428571428573
2020-03-13,146008,5406,68359,72243,14405,497,1925,3.7,46.82,7.91,120,10.945799107923083,9.87,6390.571428571428,278.85714285714283,4471.214285714285
2020-03-14,157114,5823,70729,80562,11106,417,2370,3.71,45.02,8.23,133,7.6064325242452435,7.07,7400.285714285715,324.2857142857143,5129.142857142857
2020-03-15,168260,6464,74139,87657,11146,641,3410,3.84,44.06,8.72,137,7.09421184617538,6.62,8427.714285714286,381.0,5755.0
2020-03-16,182919,7144,76192,99583,14659,680,2053,3.91,41.65,9.38,143,8.71211220729824,8.01,9964.714285714286,451.85714285714283,6661.071428571428
2020-03-17,198757,7948,78944,111865,15838,804,2752,4.0,39.72,10.07,146,8.658477249492936,7.97,11509.57142857143,526.8571428571429,7608.285714285715
2020-03-18,218343,8845,81427,128071,19586,897,2483,4.05,37.29,10.86,150,9.854244127250865,8.97,13212.857142857143,605.8571428571429,8843.07142857143
2020-03-19,246261,9951,83064,153246,27918,1106,1637,4.04,33.73,11.98,154,12.786304117832948,11.34,16379.714285714286,720.2857142857143,10637.857142857143
2020-03-20,275869,11429,85509,178931,29608,1478,2445,4.14,31.0,13.37,161,12.023016230747064,10.73,18551.571428571428,860.4285714285714,12471.07142857143
2020-03-21,308175,13134,89775,205266,32306,1705,4266,4.26,29.13,14.63,163,11.710630770401886,10.48,21580.14285714286,1044.4285714285713,14490.214285714286
2020-03-22,341585,14831,95990,230764,33410,1697,6215,4.34,28.1,15.45,168,10.841242800356943,9.78,24760.714285714286,1195.2857142857142,16594.214285714286
2020-03-23,383750,16748,96456,270546,42165,1917,466,4.36,25.14,17.36,169,12.343926109167548,10.99,28690.14285714286,1372.0,19327.428571428572
2020-03-24,424889,19016,105997,299876,41154,2268,9541,4.48,24.95,17.94,171,10.720260586319208,9.69,32306.714285714286,1581.142857142857,21908.14285714286
2020-03-25,475706,21793,111445,342468,50817,2777,5448,4.58,23.43,19.55,174,11.960064863999765,10.68,36768.28571428572,1849.7142857142858,24990.571428571428
2020-03-26,538666,24800,119804,394062,62960,3007,8359,4.6,22.24,20.7,175,13.235065355492681,11.69,41774.28571428572,2121.285714285714,29077.0
2020-03-27,603066,28318,128508,446240,64400,3518,8704,4.7,21.31,22.04,176,11.955460340916257,10.68,46744.57142857143,2412.714285714286,32648.071428571428
2020-03-28,670723,31997,136800,501926,67657,3679,8292,4.77,20.4,23.39,176,11.218838402430254,10.09,51794.71428571428,2694.714285714286,36687.42857142857
2020-03-29,730300,35470,146261,548569,59577,3473,9461,4.86,20.03,24.25,176,8.88250440196623,8.16,55532.857142857145,2948.4285714285716,40146.78571428572
2020-03-30,794939,39634,161707,593598,64639,4164,15446,4.99,20.34,24.51,177,8.851020128714238,8.13,58743.42857142857,3269.4285714285716,43716.78571428572
2020-03-31,871355,44478,174074,652803,76416,4844,12367,5.1,19.98,25.55,179,9.612813058612035,8.77,63780.857142857145,3637.4285714285716,48043.78571428572
2020-04-01,947569,50029,189434,708106,76214,5551,15360,5.28,19.99,26.41,179,8.746607295533959,8.04,67409.0,4033.714285714286,52088.642857142855
2020-04-02,1028968,56334,206052,766582,81399,6305,16618,5.47,20.03,27.34,180,8.59029790970367,7.91,70043.14285714286,4504.857142857143,55908.71428571428
2020-04-03,1112123,62319,221060,828744,83155,5985,15008,5.6,19.88,28.19,180,8.081398060969835,7.48,72722.42857142857,4857.285714285715,59733.5
2020-04-04,1192586,68160,241072,883354,80463,5841,20012,5.72,20.21,28.27,180,7.235081011722633,6.75,74551.85714285714,5166.142857142857,63173.28571428572
2020-04-05,1264304,73181,254477,936646,71718,5021,13405,5.79,20.13,28.76,182,6.01365436119492,5.67,76286.28571428571,5387.285714285715,65909.57142857143
2020-04-06,1336976,79013,270812,987151,72672,5832,16335,5.91,20.26,29.18,183,5.74798466191675,5.44,77433.85714285714,5625.571428571428,68088.64285714286
2020-04-07,1413849,86915,293665,1033269,76873,7902,22853,6.15,20.77,29.6,183,5.7497666375462275,5.44,77499.14285714286,6062.428571428572,70640.0
2020-04-08,1497624,93650,322017,1081957,83775,6735,28352,6.25,21.5,29.08,183,5.925314513784707,5.59,78579.28571428571,6231.571428571428,72994.14285714286
2020-04-09,1584249,101279,346349,1136621,86625,7629,24332,6.39,21.86,29.24,183,5.7841621127866505,5.47,79325.85714285714,6420.714285714285,74684.5
2020-04-10,1671907,108551,367477,1195879,87658,7272,21128,6.49,21.98,29.54,184,5.53309486071949,5.24,79969.14285714286,6604.571428571428,76345.78571428571
2020-04-11,1748872,114620,392991,1241261,76965,6069,25514,6.55,22.47,29.17,184,4.603425908259262,4.4,79469.42857142857,6637.142857142857,77010.64285714286
2020-04-12,1845653,120351,411864,1313438,96802,5731,18873,6.52,22.32,29.22,184,5.533909857325181,5.24,83052.85714285714,6738.571428571428,79669.57142857143
2020-04-13,1915247,126098,438395,1350754,69594,5747,26531,6.58,22.89,28.76,184,3.7706979589337664,3.63,82613.14285714286,6726.428571428572,80023.5
2020-04-14,1985174,132996,463014,1389164,69927,6898,24619,6.7,23.32,28.72,184,3.6510695487318445,3.52,81620.85714285714,6583.0,79560.0
2020-04-15,2066003,141308,498925,1425770,80829,8312,35911,6.84,24.15,28.32,184,4.071633015544229,3.91,81200.0,6808.285714285715,79889.64285714286
2020-04-16,2162715,148591,529015,1485109,96712,7283,30090,6.87,24.46,28.09,184,4.681116145523512,4.47,82641.0,6758.857142857143,80983.42857142857
2020-04-17,2250439,157481,554287,1538671,87724,8890,25272,7.0,24.63,28.41,184,4.056197880904322,3.9,82650.42857142857,6990.0,81309.78571428571
2020-04-18,2324396,163952,577789,1582655,73958,6471,23502,7.05,24.86,28.38,184,3.286336576996751,3.18,82220.85714285714,7047.428571428572,80845.14285714286
2020-04-19,2404919,168522,608557,1627840,80523,4570,30768,7.01,25.3,27.69,184,3.464254799956623,3.35,79895.28571428571,6881.571428571428,81474.07142857143
2020-04-20,2478258,173965,629862,1674431,73339,5443,21305,7.02,25.42,27.62,184,3.0495413774850544,2.96,80430.28571428571,6838.142857142857,81521.71428571429
2020-04-21,2553508,181122,664043,1708343,75250,7157,34181,7.09,26.01,27.28,184,3.0364070246116315,2.95,81190.71428571429,6875.142857142857,81405.78571428571
2020-04-22,2630314,187877,693207,1749230,78994,6755,29164,7.14,26.35,27.1,184,3.007862125358529,3.0,80928.57142857143,6652.714285714285,81064.28571428571
2020-04-23,2719327,194727,721689,1802911,89013,6850,28482,7.16,26.54,26.98,184,3.384120679128033,3.27,79828.71428571429,6590.857142857143,81234.85714285714
2020-04-24,2806267,201401,771329,1833537,96974,6674,49640,7.18,27.49,26.11,184,3.1971145801884093,3.46,81150.14285714286,6274.285714285715,81900.28571428571
2020-04-25,2891199,206979,798239,1885981,84932,5578,26910,7.16,27.61,25.93,184,3.026511732490178,2.94,82717.85714285714,6146.714285714285,82469.35714285714
2020-04-26,2964146,210862,825969,1927315,72948,3883,27730,7.11,27.87,25.53,184,2.523070878206579,2.46,81635.71428571429,6048.571428571428,80765.5
2020-04-27,3032850,215511,852382,1964957,68704,4649,26413,7.11,28.1,25.28,184,2.317834546611408,2.27,80973.57142857143,5935.142857142857,80701.92857142857
2020-04-28,3108149,221974,884680,2001495,75404,6463,32298,7.14,28.46,25.09,184,2.4827802232223917,2.43,80995.57142857143,5836.0,81093.14285714286
2020-04-29,3185195,228742,925752,2030701,79558,6768,41072,7.18,29.06,24.71,184,2.4788386914526894,2.5,81076.14285714286,5837.857142857143,81002.35714285714
2020-04-30,3268876,234704,989616,2044556,83681,5962,63864,7.18,30.27,23.72,186,2.6271860906475153,2.56,80314.42857142857,5711.0,80071.57142857143
2020-05-01,3355922,239881,1026501,2089540,87046,5177,36885,7.15,30.59,23.37,186,2.6628724980696683,2.59,78896.14285714286,5497.142857142857,80023.14285714286
2020-05-02,3437608,245206,1066362,2126040,81853,5325,39861,7.13,31.02,22.99,186,2.4340851783801964,2.38,78456.28571428571,5461.0,80587.07142857143
2020-05-03,3515244,248659,1097577,2169008,77636,3453,31215,7.07,31.22,22.66,186,2.2584308623903704,2.21,79126.0,5399.571428571428,80380.85714285714
2020-05-04,3591321,252787,1130526,2208008,76078,4128,32949,7.04,31.48,22.36,186,2.164202541843463,2.12,80179.42857142857,5325.142857142857,80576.5
2020-05-05,3671310,258658,1166155,2246497,79989,5871,35629,7.05,31.76,22.18,186,2.22728628267983,2.18,80834.42857142857,5240.571428571428,80915.0
2020-05-06,3761332,265327,1210894,2285111,90022,6669,44739,7.05,32.19,21.91,186,2.4520402799000918,2.39,82329.28571428571,5226.428571428572,81702.71428571429
2020-05-07,3850418,270736,1249311,2330371,90669,5409,38417,7.03,32.45,21.67,186,2.3684694677311047,2.35,83327.57142857143,5147.428571428572,81821.0
2020-05-08,3941935,276304,1284849,2380782,92997,5568,35538,7.01,32.59,21.5,186,2.3768068817463517,2.36,84177.71428571429,5203.285714285715,81536.92857142857
2020-05-09,4027781,280569,1337367,2409845,85846,4265,52518,6.97,33.2,20.98,186,2.1777629514438956,2.13,84748.14285714286,5051.857142857143,81602.21428571429
2020-05-10,4104027,284135,1370108,2449784,76255,3566,32741,6.92,33.38,20.74,186,1.8930026235289388,1.86,84550.85714285714,5068.0,81838.42857142857
2020-05-11,4180268,287608,1416204,2476456,76298,3473,46096,6.88,33.88,20.31,186,1.8577119497508177,1.83,84582.28571428571,4974.428571428572,82380.85714285714
2020-05-12,4263867,293155,1452191,2518521,83619,5547,35987,6.88,34.06,20.19,186,1.9998478566445987,1.96,85100.85714285714,4928.142857142857,82967.64285714286
2020-05-13,4348619,298383,1506905,2543331,84917,5228,54714,6.86,34.65,19.8,187,1.987679259226427,1.95,84371.57142857143,4722.285714285715,83350.42857142857
2020-05-14,4445724,303651,1545712,2596361,97106,5268,38807,6.83,34.77,19.64,187,2.2330077663736514,2.18,85291.14285714286,4702.142857142857,84309.35714285714
2020-05-15,4542073,308866,1592880,2640327,96349,5215,47168,6.8,35.07,19.39,187,2.1672285548990367,2.12,85770.0,4651.714285714285,84973.85714285714
2020-05-16,4637485,313037,1648546,2675902,95412,4171,55666,6.75,35.55,18.99,187,2.10062674025715,2.06,87136.57142857143,4638.285714285715,85942.35714285714
2020-05-17,4715994,316366,1688699,2710929,78509,3329,40153,6.71,35.81,18.73,187,1.6929219178067445,1.66,87458.57142857143,4604.428571428572,86004.71428571429
2020-05-18,4804278,319657,1740909,2743712,88284,3291,52210,6.65,36.24,18.36,187,1.8720125598124193,1.84,89170.85714285714,4578.428571428572,86876.57142857143
2020-05-19,4900702,324441,1792256,2784005,96633,4784,51347,6.62,36.57,18.1,187,2.0070445548737936,1.97,91030.0,4469.428571428572,88065.42857142857
2020-05-20,5003730,329326,1850441,2823963,103028,4885,58185,6.58,36.98,17.8,187,2.102311056660855,2.06,93617.28571428571,4420.428571428572,88994.42857142857
2020-05-21,5110064,334112,1900768,2875184,106438,4786,50327,6.54,37.2,17.58,187,2.1250946793691883,2.08,94950.42857142857,4351.571428571428,90120.78571428571
2020-05-22,5216964,339396,2008541,2869027,106900,5284,107773,6.51,38.5,16.9,187,2.091950316082136,2.05,96457.71428571429,4361.428571428572,91113.85714285714
2020-05-23,5322253,343385,2062802,2916066,105289,3989,54261,6.45,38.76,16.65,187,2.0182044576117386,1.98,97868.71428571429,4335.428571428572,92502.64285714286
2020-05-24,5417579,346525,2117555,2953499,95326,3140,54753,6.4,39.09,16.36,187,1.7910835880969866,1.76,100271.14285714286,4308.428571428572,93864.85714285714
2020-05-25,5504542,347703,2180605,2976234,87335,1178,63050,6.32,39.61,15.95,187,1.6052004040919332,1.59,100135.57142857143,4006.5714285714284,94653.21428571429
2020-05-26,5597064,351906,2235118,3010040,92742,4203,54513,6.29,39.93,15.74,187,1.6808301217430932,1.66,99579.71428571429,3923.5714285714284,95304.85714285714
2020-05-27,5699664,357119,2297613,3044932,102600,5213,62495,6.27,40.31,15.54,187,1.8331039273447702,1.8,99518.57142857143,3970.4285714285716,96567.92857142857
2020-05-28,5818978,361820,2363746,3093412,119314,4701,66133,6.22,40.62,15.31,187,2.093351467735638,2.05,101358.0,3958.285714285714,98154.21428571429
2020-05-29,5940145,366562,2440127,3133456,121167,4742,76381,6.17,41.08,15.02,187,2.0822728664724233,2.04,103396.14285714286,3880.8571428571427,99926.92857142857
2020-05-30,6077978,370718,2509981,3197279,137833,4156,69854,6.1,41.3,14.77,187,2.320364233533012,2.27,108045.28571428571,3904.714285714286,102957.0
2020-05-31,6185530,373606,2585589,3226335,107552,2888,75608,6.04,41.8,14.45,187,1.7695358555098517,1.74,109791.85714285714,3868.714285714286,105031.5
2020-06-01,6280725,376674,2639599,3264452,95195,3068,54010,6.0,42.03,14.27,187,1.538995041653668,1.52,110914.71428571429,4138.714285714285,105525.14285714286
2020-06-02,6401536,381497,2743083,3276956,121577,4823,103484,5.96,42.85,13.91,187,1.9235199757989818,1.9,115034.0,4227.285714285715,107306.85714285714
2020-06-03,6520924,387069,2821430,3312425,119389,5572,78347,5.94,43.27,13.72,187,1.8649899024234085,1.83,117432.42857142857,4278.571428571428,108475.5
2020-06-04,6647861,392218,2890776,3364867,126937,5149,69346,5.9,43.48,13.57,187,1.946610633707735,1.91,118521.42857142857,4342.571428571428,109939.71428571429
2020-06-05,6778724,396994,2959037,3422693,130863,4776,68261,5.86,43.65,13.42,187,1.9684978371238504,1.93,119906.57142857143,4347.428571428572,111651.35714285714
2020-06-06,6914666,400875,3030214,3483577,135942,3881,71177,5.8,43.82,13.23,187,2.0054216693289106,1.97,119636.42857142857,4308.142857142857,113840.85714285714
2020-06-07,7026925,403617,3084718,3538590,112259,2742,54504,5.74,43.9,13.08,187,1.6234912864916407,1.6,120308.85714285714,4287.285714285715,115050.35714285714
2020-06-08,7129150,407314,3235640,3486196,102225,3697,150922,5.71,45.39,12.59,187,1.4547615066334174,1.43,121313.14285714286,4377.142857142857,116113.92857142857
2020-06-09,7253492,412236,3317121,3524135,124342,4922,81481,5.68,45.73,12.43,187,1.7441349950555018,1.71,121708.14285714286,4391.285714285715,118371.07142857143
2020-06-10,7387517,417441,3395154,3574922,134025,5205,78033,5.65,45.96,12.3,187,1.8477307205963633,1.81,123799.0,4338.857142857143,120615.71428571429
2020-06-11,7525631,422215,3480121,3623295,138114,4774,84967,5.61,46.24,12.13,187,1.8695591495762276,1.84,125395.71428571429,4285.285714285715,121958.57142857143
2020-06-12,7654725,426512,3558933,3669280,129094,4297,78812,5.57,46.49,11.98,187,1.715391041628278,1.69,125143.0,4216.857142857143,122524.78571428571
2020-06-13,7790735,430750,3644048,3715937,136010,4238,85115,5.53,46.77,11.82,187,1.7768110546100502,1.75,125152.71428571429,4267.857142857143,122394.57142857143
2020-06-14,7924156,434124,3714006,3776026,133421,3374,69958,5.48,46.87,11.69,187,1.7125598547505394,1.68,128175.85714285714,4358.142857142857,124242.35714285714
2020-06-15,8043794,437549,3793406,3812839,119638,3425,79400,5.44,47.16,11.53,187,1.5097885503515984,1.49,130663.42857142857,4319.285714285715,125988.28571428571
2020-06-16,8185197,444416,3890800,3849981,141403,6867,97394,5.43,47.53,11.42,187,1.7579142379827273,1.73,133100.7142857143,4597.142857142857,127404.42857142857
2020-06-17,8327050,449671,4008201,3869178,141853,5255,117401,5.4,48.13,11.22,187,1.733043199815465,1.7,134219.0,4604.285714285715,129009.0
2020-06-18,8466978,454700,4088826,3923452,139928,5029,80625,5.37,48.29,11.12,187,1.680403023879995,1.65,134478.14285714287,4640.714285714285,129936.92857142857
2020-06-19,8647784,460973,4183298,4003513,180954,6273,94472,5.33,48.37,11.02,187,2.1354254138843842,2.09,141886.7142857143,4923.0,133514.85714285713
2020-06-20,8805336,465222,4298603,4041511,157552,4249,115305,5.28,48.82,10.82,187,1.821877142167283,1.79,144964.14285714287,4924.571428571428,135058.42857142858
2020-06-21,8933875,469185,4366875,4097815,128539,3963,68272,5.25,48.88,10.74,187,1.4597852938263767,1.44,144266.7142857143,5008.714285714285,136221.2857142857
2020-06-22,9071733,472756,4458093,4140884,137858,3571,91218,5.21,49.14,10.6,187,1.5430930027563683,1.52,146869.57142857142,5029.571428571428,138766.5
2020-06-23,9237071,478067,4561696,4197308,165338,5311,103603,5.18,49.38,10.48,187,1.8225624585732403,1.79,150288.85714285713,4807.285714285715,141694.7857142857
2020-06-24,9408254,483328,4677005,4247921,171183,5261,115309,5.14,49.71,10.33,187,1.8532173239764083,1.82,154478.85714285713,4808.142857142857,144348.92857142858
2020-06-25,9586141,489955,4769458,4326728,177887,6627,92453,5.11,49.75,10.27,187,1.8907546501189199,1.86,159901.57142857142,5036.428571428572,147189.85714285713
2020-06-26,9777487,494782,4875774,4406931,191346,4827,106316,5.06,49.87,10.15,187,1.996069116863608,1.96,161386.14285714287,4829.857142857143,151636.42857142858
2020-06-27,9955597,499268,4981808,4474521,178110,4486,106034,5.01,50.04,10.02,187,1.821633718357285,1.79,164323.0,4863.714285714285,154643.57142857142
2020-06-28,10117227,502357,5070592,4544278,162349,3089,88784,4.97,50.12,9.91,187,1.623508866419554,1.6,169153.0,4738.857142857143,156709.85714285713
2020-06-29,10275799,506078,5164494,4605227,158572,3721,93902,4.92,50.26,9.8,187,1.5673464675646898,1.54,172112.14285714287,4760.285714285715,159490.85714285713
2020-06-30,10449697,511210,5281459,4657028,173898,5132,116965,4.89,50.54,9.68,187,1.692306359826623,1.66,173335.0,4734.714285714285,161811.92857142858
2020-07-01,10667386,516221,5397083,4754082,217689,5011,115624,4.84,50.59,9.56,187,2.0832087284444745,2.04,179978.7142857143,4699.0,167228.7857142857
2020-07-02,10875091,521341,5681477,4672273,207705,5120,284394,4.79,52.24,9.18,187,1.9471030672369105,1.91,184238.42857142858,4483.714285714285,172070.0
2020-07-03,11078585,526336,5790942,4761307,203495,4995,109465,4.75,52.27,9.09,187,1.871193537598903,1.84,185974.0,4507.714285714285,173680.07142857142
2020-07-04,11272152,530705,5986375,4755072,193567,4369,195433,4.71,53.11,8.87,187,1.7472177177861647,1.72,188182.14285714287,4491.0,176252.57142857142
2020-07-05,11454847,534150,6105546,4815151,182695,3445,119171,4.66,53.3,8.75,187,1.620764162867916,1.59,191088.7142857143,4541.857142857143,180120.85714285713
2020-07-06,11622190,537947,6228768,4855475,167343,3797,123222,4.63,53.59,8.64,187,1.4608924938063428,1.44,192341.7142857143,4552.714285714285,182226.92857142858
2020-07-07,11833034,544054,6373513,4915467,210844,6107,144745,4.6,53.86,8.54,187,1.8141503451587049,1.78,197619.7142857143,4692.0,185477.35714285713
2020-07-08,12044836,549373,6531016,4964447,211802,5319,157503,4.56,54.22,8.41,187,1.7899213337847275,1.76,196778.7142857143,4736.0,188378.7142857143
2020-07-09,12273063,554831,6665237,5052995,228227,5458,134221,4.52,54.31,8.32,187,1.8948120173657879,1.86,199710.42857142858,4784.285714285715,191974.42857142858
2020-07-10,12505640,560142,6804254,5141244,232577,5311,139017,4.48,54.41,8.23,187,1.895020012526616,1.86,203865.0,4829.428571428572,194919.5
2020-07-11,12721968,565039,6929711,5227218,216328,4897,125457,4.44,54.47,8.15,187,1.7298434946152241,1.7,207116.57142857142,4904.857142857143,197649.35714285713
2020-07-12,12914636,568993,7041174,5304469,192668,3954,111463,4.41,54.52,8.08,187,1.5144512232698526,1.49,208541.2857142857,4977.571428571428,199815.0
2020-07-13,13107415,572808,7181139,5353468,192779,3815,139965,4.37,54.79,7.98,187,1.4927172550585288,1.47,212175.0,4980.142857142857,202258.35714285713
2020-07-14,13328867,578468,7322897,5427502,221452,5660,141758,4.34,54.94,7.9,187,1.6895169642526797,1.66,213690.42857142858,4916.285714285715,205655.07142857142
2020-07-15,13559984,583961,7482320,5493703,231122,5493,159423,4.31,55.18,7.8,187,1.7339583326924979,1.7,216450.42857142858,4941.142857142857,206614.57142857142
2020-07-16,13812525,589760,7634241,5588524,252544,5799,151921,4.27,55.27,7.73,187,1.8623989526831197,1.83,219924.2857142857,4989.857142857143,209817.35714285713
2020-07-17,14054563,596503,7793760,5664300,242038,6743,159519,4.24,55.45,7.65,187,1.7523081406187524,1.72,221275.85714285713,5194.428571428572,212570.42857142858
2020-07-18,14292198,602130,7944550,5745518,237635,5627,150790,4.21,55.59,7.58,187,1.6908031932405088,1.66,224319.7142857143,5298.714285714285,215718.14285714287
2020-07-19,14506845,606159,8032235,5868451,214647,4029,87685,4.18,55.37,7.55,187,1.5018473715519454,1.48,227459.57142857142,5309.428571428572,218000.42857142858
2020-07-20,14713623,610319,8190777,5912527,206778,4160,158542,4.15,55.67,7.45,187,1.425382293668953,1.41,229459.42857142858,5358.714285714285,220817.2142857143
2020-07-21,14947078,616557,8364986,5965535,233565,6238,174209,4.12,55.96,7.37,187,1.5866588399063852,1.56,231189.85714285713,5441.285714285715,222440.14285714287
2020-07-22,15227725,623540,8541255,6062930,280647,6983,176269,4.09,56.09,7.3,187,1.8776044388073787,1.84,238264.85714285713,5654.142857142857,227357.64285714287
2020-07-23,15510481,633506,8710969,6166006,282756,9966,169714,4.08,56.16,7.27,187,1.856849923412729,1.82,242580.85714285713,6249.428571428572,231252.57142857142
2020-07-24,15791645,639650,8939705,6212290,281164,6144,228736,4.05,56.61,7.16,187,1.8127355302520964,1.78,248170.2857142857,6163.857142857143,234723.07142857142
2020-07-25,16047190,644517,9158743,6243930,255545,4867,219038,4.02,57.07,7.04,187,1.618229133190363,1.59,250728.85714285713,6055.285714285715,237524.2857142857
2020-07-26,16251796,648621,9293464,6309711,204606,4104,134721,3.99,57.18,6.98,187,1.2750269673382109,1.26,249294.42857142858,6066.0,238377.0
2020-07-27,16480485,654036,9468087,6358362,228693,5415,174623,3.97,57.45,6.91,187,1.4071613992693521,1.39,252425.14285714287,6245.285714285715,240942.2857142857
